{"cameraMode":{"drawMode":0,"name":"Shaded","section":"Shading Mode"},"sceneLighting":true,"audioPlay":false,"sceneViewState":{"showFog":true,"showMaterialUpdate":false,"showSkybox":true,"showFlares":true,"showImageEffects":true,"showParticleSystems":true},"in2DMode":false,"pivot":{"x":0.0,"y":3.3438401222229006,"z":11.43311882019043},"rotation":{"x":0.08107615262269974,"y":-0.6123677492141724,"z":0.06324782222509384,"w":0.7839832901954651},"size":2.579768180847168,"orthographic":true}