{"cameraMode":{"drawMode":0,"name":"Shaded","section":"Shading Mode"},"sceneLighting":false,"audioPlay":false,"sceneViewState":{"showFog":true,"showMaterialUpdate":false,"showSkybox":false,"showFlares":true,"showImageEffects":true,"showParticleSystems":true},"in2DMode":false,"pivot":{"x":0.750157356262207,"y":1.7699999809265137,"z":4.822909355163574},"rotation":{"x":0.2510959804058075,"y":0.1827656477689743,"z":-0.04778334125876427,"w":0.9496374726295471},"size":0.2598106563091278,"orthographic":false}