{"cameraMode":{"drawMode":0,"name":"Shaded","section":"Shading Mode"},"sceneLighting":false,"audioPlay":false,"sceneViewState":{"showFog":true,"showMaterialUpdate":false,"showSkybox":false,"showFlares":true,"showImageEffects":true,"showParticleSystems":true},"in2DMode":false,"pivot":{"x":-26.935026168823243,"y":249.647216796875,"z":404.1368408203125},"rotation":{"x":-0.11730323731899262,"y":-0.7776041030883789,"z":0.1523778736591339,"w":-0.5986649990081787},"size":0.9263957738876343,"orthographic":false}