{"cameraMode":{"drawMode":0,"name":"Shaded","section":"Shading Mode"},"sceneLighting":true,"audioPlay":false,"sceneViewState":{"showFog":true,"showMaterialUpdate":false,"showSkybox":true,"showFlares":true,"showImageEffects":true,"showParticleSystems":true},"in2DMode":false,"pivot":{"x":-4.543320655822754,"y":3.4775266647338869,"z":11.731817245483399},"rotation":{"x":-0.0842365249991417,"y":0.740850031375885,"z":-0.09460803866386414,"w":-0.6598027348518372},"size":10.0,"orthographic":true}