{"cameraMode":{"drawMode":0,"name":"Shaded","section":"Shading Mode"},"sceneLighting":false,"audioPlay":false,"sceneViewState":{"showFog":true,"showMaterialUpdate":false,"showSkybox":false,"showFlares":true,"showImageEffects":true,"showParticleSystems":true},"in2DMode":false,"pivot":{"x":-115.83164978027344,"y":2.827815294265747,"z":-27.300003051757814},"rotation":{"x":0.2533753514289856,"y":0.7239294648170471,"z":-0.3350521922111511,"w":0.5473238825798035},"size":12.37211799621582,"orthographic":false}