{"cameraMode":{"drawMode":0,"name":"Shaded","section":"Shading Mode"},"sceneLighting":false,"audioPlay":false,"sceneViewState":{"showFog":true,"showMaterialUpdate":false,"showSkybox":false,"showFlares":true,"showImageEffects":true,"showParticleSystems":true},"in2DMode":false,"pivot":{"x":-30.34250831604004,"y":2.150752067565918,"z":-96.73141479492188},"rotation":{"x":0.2533753514289856,"y":0.7239294648170471,"z":-0.3350521922111511,"w":0.5473238825798035},"size":6.05075216293335,"orthographic":false}