{"cameraMode":{"drawMode":0,"name":"Shaded","section":"Shading Mode"},"sceneLighting":false,"audioPlay":false,"sceneViewState":{"showFog":true,"showMaterialUpdate":false,"showSkybox":true,"showFlares":true,"showImageEffects":true,"showParticleSystems":true},"in2DMode":false,"pivot":{"x":0.0,"y":3.9000000953674318,"z":10.8100004196167},"rotation":{"x":-0.08189599961042404,"y":0.028629979118704797,"z":-0.002130415989086032,"w":-0.9964218735694885},"size":9.865715980529786,"orthographic":false}