{"cameraMode":{"drawMode":0,"name":"Shaded","section":"Shading Mode"},"sceneLighting":false,"audioPlay":false,"sceneViewState":{"showFog":true,"showMaterialUpdate":false,"showSkybox":false,"showFlares":true,"showImageEffects":true,"showParticleSystems":true},"in2DMode":false,"pivot":{"x":1.7881393432617188e-7,"y":0.5867933630943298,"z":-0.04200398921966553},"rotation":{"x":-0.08443115651607514,"y":0.9097906947135925,"z":-0.3362257480621338,"w":-0.2284177541732788},"size":0.7621155381202698,"orthographic":false}