{"cameraMode":{"drawMode":0,"name":"Shaded","section":"Shading Mode"},"sceneLighting":false,"audioPlay":false,"sceneViewState":{"showFog":true,"showMaterialUpdate":false,"showSkybox":false,"showFlares":true,"showImageEffects":true,"showParticleSystems":true},"in2DMode":false,"pivot":{"x":-1.7500004768371583,"y":0.7000000476837158,"z":7.500000476837158},"rotation":{"x":0.13580864667892457,"y":-0.15770487487316132,"z":0.02190459333360195,"w":0.9778655767440796},"size":14.526531219482422,"orthographic":false}