{"cameraMode":{"drawMode":0,"name":"Shaded","section":"Shading Mode"},"sceneLighting":false,"audioPlay":false,"sceneViewState":{"showFog":true,"showMaterialUpdate":false,"showSkybox":false,"showFlares":true,"showImageEffects":true,"showParticleSystems":true},"in2DMode":false,"pivot":{"x":-120.79173278808594,"y":3.490000009536743,"z":-96.5050048828125},"rotation":{"x":-0.2512458562850952,"y":-0.5205792188644409,"z":0.16361406445503236,"w":-0.7994679808616638},"size":6.082883834838867,"orthographic":false}