{"cameraMode":{"drawMode":0,"name":"Shaded","section":"Shading Mode"},"sceneLighting":false,"audioPlay":false,"sceneViewState":{"showFog":true,"showMaterialUpdate":false,"showSkybox":false,"showFlares":true,"showImageEffects":true,"showParticleSystems":true},"in2DMode":false,"pivot":{"x":-113.60999298095703,"y":3.0305092334747316,"z":-62.62000274658203},"rotation":{"x":-0.2512458562850952,"y":-0.5205792188644409,"z":0.16361406445503236,"w":-0.7994679808616638},"size":3.324481725692749,"orthographic":false}