{"cameraMode":{"drawMode":0,"name":"Shaded","section":"Shading Mode"},"sceneLighting":false,"audioPlay":false,"sceneViewState":{"showFog":true,"showMaterialUpdate":false,"showSkybox":false,"showFlares":true,"showImageEffects":true,"showParticleSystems":true},"in2DMode":false,"pivot":{"x":-14.269826889038086,"y":4.125384330749512,"z":-84.89029693603516},"rotation":{"x":0.1243886947631836,"y":-0.8756157755851746,"z":0.3265864849090576,"w":0.33348214626312258},"size":2.4064977169036867,"orthographic":false}