{"cameraMode":{"drawMode":0,"name":"Shaded","section":"Shading Mode"},"sceneLighting":false,"audioPlay":false,"sceneViewState":{"showFog":true,"showMaterialUpdate":false,"showSkybox":false,"showFlares":true,"showImageEffects":true,"showParticleSystems":true},"in2DMode":false,"pivot":{"x":0.6499999761581421,"y":0.5037700533866882,"z":0.0},"rotation":{"x":0.09316536784172058,"y":-0.6529399156570435,"z":0.08136067539453507,"w":0.7473341822624207},"size":0.5218008756637573,"orthographic":true}