{"cameraMode":{"drawMode":0,"name":"Shaded","section":"Shading Mode"},"sceneLighting":true,"audioPlay":false,"sceneViewState":{"showFog":true,"showMaterialUpdate":false,"showSkybox":true,"showFlares":true,"showImageEffects":true,"showParticleSystems":true},"in2DMode":false,"pivot":{"x":3.5714588165283205,"y":-37.5350341796875,"z":116.69999694824219},"rotation":{"x":0.0019999619107693435,"y":-0.004301117267459631,"z":-0.000007004578492342262,"w":-1.0001107454299927},"size":80.89842224121094,"orthographic":true}