{"cameraMode":{"drawMode":0,"name":"Shaded","section":"Shading Mode"},"sceneLighting":false,"audioPlay":false,"sceneViewState":{"showFog":true,"showMaterialUpdate":false,"showSkybox":false,"showFlares":true,"showImageEffects":true,"showParticleSystems":true},"in2DMode":false,"pivot":{"x":0.0632171630859375,"y":0.0012402534484863282,"z":0.000118255615234375},"rotation":{"x":0.12768930196762086,"y":-0.8358702659606934,"z":0.21922704577445985,"w":0.48682892322540285},"size":7.291220188140869,"orthographic":false}