{"cameraMode":{"drawMode":0,"name":"Shaded","section":"Shading Mode"},"sceneLighting":false,"audioPlay":false,"sceneViewState":{"showFog":true,"showMaterialUpdate":false,"showSkybox":false,"showFlares":true,"showImageEffects":true,"showParticleSystems":true},"in2DMode":false,"pivot":{"x":-57.448150634765628,"y":6.915513515472412,"z":-50.53294372558594},"rotation":{"x":0.04757815599441528,"y":-0.9389750957489014,"z":0.1447906643152237,"w":0.3084523379802704},"size":9.180975914001465,"orthographic":false}