{"cameraMode":{"drawMode":0,"name":"Shaded","section":"Shading Mode"},"sceneLighting":false,"audioPlay":false,"sceneViewState":{"showFog":true,"showMaterialUpdate":false,"showSkybox":true,"showFlares":true,"showImageEffects":true,"showParticleSystems":true},"in2DMode":false,"pivot":{"x":3.5714588165283205,"y":15.538427352905274,"z":116.69999694824219},"rotation":{"x":-0.1859157830476761,"y":0.019408248364925386,"z":-0.003438749583438039,"w":-0.9825645089149475},"size":66.02584075927735,"orthographic":false}