{"cameraMode":{"drawMode":0,"name":"Shaded","section":"Shading Mode"},"sceneLighting":false,"audioPlay":false,"sceneViewState":{"showFog":true,"showMaterialUpdate":false,"showSkybox":false,"showFlares":true,"showImageEffects":true,"showParticleSystems":true},"in2DMode":false,"pivot":{"x":-27.41830062866211,"y":248.88438415527345,"z":402.83477783203127},"rotation":{"x":0.09316536784172058,"y":-0.6529399156570435,"z":0.08136067539453507,"w":0.7473341822624207},"size":1.2572928667068482,"orthographic":true}