{"cameraMode":{"drawMode":0,"name":"Shaded","section":"Shading Mode"},"sceneLighting":false,"audioPlay":false,"sceneViewState":{"showFog":true,"showMaterialUpdate":false,"showSkybox":false,"showFlares":true,"showImageEffects":true,"showParticleSystems":true},"in2DMode":false,"pivot":{"x":-27.41830062866211,"y":248.88438415527345,"z":402.83477783203127},"rotation":{"x":-0.000002987258994835429,"y":-0.9999684691429138,"z":0.001500462181866169,"w":-0.011105336248874665},"size":3.357292652130127,"orthographic":false}