{"cameraMode":{"drawMode":0,"name":"Shaded","section":"Shading Mode"},"sceneLighting":false,"audioPlay":false,"sceneViewState":{"showFog":true,"showMaterialUpdate":false,"showSkybox":false,"showFlares":true,"showImageEffects":true,"showParticleSystems":true},"in2DMode":false,"pivot":{"x":-22.738414764404298,"y":247.7010498046875,"z":401.2768859863281},"rotation":{"x":0.22787979245185853,"y":-0.5399752259254456,"z":0.15465562045574189,"w":0.7953903079032898},"size":1.7436730861663819,"orthographic":false}