{"cameraMode":{"drawMode":0,"name":"Shaded","section":"Shading Mode"},"sceneLighting":false,"audioPlay":false,"sceneViewState":{"showFog":true,"showMaterialUpdate":false,"showSkybox":false,"showFlares":true,"showImageEffects":true,"showParticleSystems":true},"in2DMode":false,"pivot":{"x":-101.90767669677735,"y":2.5672926902770998,"z":-85.54995727539063},"rotation":{"x":-0.2512458562850952,"y":-0.5205792188644409,"z":0.16361406445503236,"w":-0.7994679808616638},"size":5.624176979064941,"orthographic":false}