{"cameraMode":{"drawMode":0,"name":"Shaded","section":"Shading Mode"},"sceneLighting":false,"audioPlay":false,"sceneViewState":{"showFog":true,"showMaterialUpdate":false,"showSkybox":false,"showFlares":true,"showImageEffects":true,"showParticleSystems":true},"in2DMode":false,"pivot":{"x":2.308701515197754,"y":-0.605056643486023,"z":2.562070369720459},"rotation":{"x":0.19153451919555665,"y":-0.5107719898223877,"z":0.11809936910867691,"w":0.8300900459289551},"size":3.6414923667907717,"orthographic":false}