{"cameraMode":{"drawMode":0,"name":"Shaded","section":"Shading Mode"},"sceneLighting":false,"audioPlay":false,"sceneViewState":{"showFog":true,"showMaterialUpdate":false,"showSkybox":false,"showFlares":true,"showImageEffects":true,"showParticleSystems":true},"in2DMode":false,"pivot":{"x":-27.506574630737306,"y":249.47927856445313,"z":406.9823913574219},"rotation":{"x":-0.11730323731899262,"y":-0.7776041030883789,"z":0.1523778736591339,"w":-0.5986649990081787},"size":1.3416029214859009,"orthographic":false}