{"cameraMode":{"drawMode":0,"name":"Shaded","section":"Shading Mode"},"sceneLighting":true,"audioPlay":false,"sceneViewState":{"showFog":true,"showMaterialUpdate":false,"showSkybox":true,"showFlares":true,"showImageEffects":true,"showParticleSystems":true},"in2DMode":false,"pivot":{"x":0.0,"y":0.7899999618530273,"z":1.5099999904632569},"rotation":{"x":0.5127550959587097,"y":0.05307438224554062,"z":-0.03181649371981621,"w":0.8563806414604187},"size":1.2173196077346802,"orthographic":true}