{"cameraMode":{"drawMode":0,"name":"Shaded","section":"Shading Mode"},"sceneLighting":true,"audioPlay":false,"sceneViewState":{"showFog":true,"showMaterialUpdate":false,"showSkybox":true,"showFlares":true,"showImageEffects":true,"showParticleSystems":true},"in2DMode":false,"pivot":{"x":0.0,"y":2.2499141693115236,"z":1.7200000286102296},"rotation":{"x":-0.041864797472953799,"y":-0.5185419917106628,"z":0.02543669193983078,"w":-0.8537906408309937},"size":2.09322452545166,"orthographic":true}