{"cameraMode":{"drawMode":0,"name":"Shaded","section":"Shading Mode"},"sceneLighting":false,"audioPlay":false,"sceneViewState":{"showFog":true,"showMaterialUpdate":false,"showSkybox":false,"showFlares":true,"showImageEffects":true,"showParticleSystems":true},"in2DMode":false,"pivot":{"x":1.7881393432617188e-7,"y":0.5867933630943298,"z":-0.04200398921966553},"rotation":{"x":-0.3277708888053894,"y":0.13430267572402955,"z":-0.0471189059317112,"w":-0.9340117573738098},"size":0.7621155381202698,"orthographic":false}