{"cameraMode":{"drawMode":0,"name":"Shaded","section":"Shading Mode"},"sceneLighting":false,"audioPlay":false,"sceneViewState":{"showFog":true,"showMaterialUpdate":false,"showSkybox":false,"showFlares":true,"showImageEffects":true,"showParticleSystems":true},"in2DMode":false,"pivot":{"x":0.6499999761581421,"y":0.5037700533866882,"z":0.0},"rotation":{"x":0.05862772464752197,"y":-0.735432505607605,"z":0.06413424760103226,"w":0.6720456480979919},"size":7.769044399261475,"orthographic":false}