{"cameraMode":{"drawMode":0,"name":"Shaded","section":"Shading Mode"},"sceneLighting":false,"audioPlay":false,"sceneViewState":{"showFog":true,"showMaterialUpdate":false,"showSkybox":false,"showFlares":true,"showImageEffects":true,"showParticleSystems":true},"in2DMode":false,"pivot":{"x":-18.896154403686525,"y":4.297916889190674,"z":-49.47019958496094},"rotation":{"x":0.1243886947631836,"y":-0.8756157755851746,"z":0.3265864849090576,"w":0.33348214626312258},"size":7.807323932647705,"orthographic":false}