{"cameraMode":{"drawMode":0,"name":"Shaded","section":"Shading Mode"},"sceneLighting":false,"audioPlay":false,"sceneViewState":{"showFog":true,"showMaterialUpdate":false,"showSkybox":false,"showFlares":true,"showImageEffects":true,"showParticleSystems":true},"in2DMode":false,"pivot":{"x":-14.315531730651856,"y":2.339301109313965,"z":-96.97000122070313},"rotation":{"x":-0.11730323731899262,"y":-0.7776041030883789,"z":0.1523778736591339,"w":-0.5986649990081787},"size":7.0196685791015629,"orthographic":false}