{"cameraMode":{"drawMode":0,"name":"Shaded","section":"Shading Mode"},"sceneLighting":true,"audioPlay":false,"sceneViewState":{"showFog":true,"showMaterialUpdate":false,"showSkybox":true,"showFlares":true,"showImageEffects":true,"showParticleSystems":true},"in2DMode":false,"pivot":{"x":-16.720237731933595,"y":3.891871929168701,"z":-24.393619537353517},"rotation":{"x":-0.13662922382354737,"y":-0.3565167486667633,"z":0.052795179188251498,"w":-0.9227625727653503},"size":-3.040276288986206,"orthographic":false}