{"cameraMode":{"drawMode":0,"name":"Shaded","section":"Shading Mode"},"sceneLighting":false,"audioPlay":false,"sceneViewState":{"showFog":true,"showMaterialUpdate":false,"showSkybox":false,"showFlares":true,"showImageEffects":true,"showParticleSystems":true},"in2DMode":false,"pivot":{"x":-79.61000061035156,"y":7.440000534057617,"z":-50.36417770385742},"rotation":{"x":0.1243886947631836,"y":-0.8756157755851746,"z":0.3265864849090576,"w":0.33348214626312258},"size":7.020448684692383,"orthographic":false}