{"cameraMode":{"drawMode":0,"name":"Shaded","section":"Shading Mode"},"sceneLighting":false,"audioPlay":false,"sceneViewState":{"showFog":true,"showMaterialUpdate":false,"showSkybox":false,"showFlares":true,"showImageEffects":true,"showParticleSystems":true},"in2DMode":false,"pivot":{"x":-6.684634208679199,"y":1.12943696975708,"z":5.030000686645508},"rotation":{"x":0.1848369836807251,"y":-0.03183334320783615,"z":0.005995305720716715,"w":0.982261061668396},"size":4.870830535888672,"orthographic":false}