{"cameraMode":{"drawMode":0,"name":"Shaded","section":"Shading Mode"},"sceneLighting":false,"audioPlay":false,"sceneViewState":{"showFog":true,"showMaterialUpdate":false,"showSkybox":false,"showFlares":true,"showImageEffects":true,"showParticleSystems":true},"in2DMode":false,"pivot":{"x":0.000020503997802734375,"y":-5.0,"z":-0.0077419281005859379},"rotation":{"x":-0.007000511046499014,"y":-0.9928533434867859,"z":0.07460424304008484,"w":-0.09320832788944245},"size":4.76025390625,"orthographic":false}