{"cameraMode":{"drawMode":0,"name":"Shaded","section":"Shading Mode"},"sceneLighting":false,"audioPlay":false,"sceneViewState":{"showFog":true,"showMaterialUpdate":false,"showSkybox":false,"showFlares":true,"showImageEffects":true,"showParticleSystems":true},"in2DMode":false,"pivot":{"x":-38.63178253173828,"y":4.424640655517578,"z":-49.472476959228519},"rotation":{"x":0.1243886947631836,"y":-0.8756157755851746,"z":0.3265864849090576,"w":0.33348214626312258},"size":7.722721576690674,"orthographic":false}