{"cameraMode":{"drawMode":0,"name":"Shaded","section":"Shading Mode"},"sceneLighting":true,"audioPlay":false,"sceneViewState":{"showFog":true,"showMaterialUpdate":false,"showSkybox":true,"showFlares":true,"showImageEffects":true,"showParticleSystems":true},"in2DMode":false,"pivot":{"x":1.7881393432617188e-7,"y":0.6367933750152588,"z":1.5679959058761597},"rotation":{"x":0.08781074732542038,"y":0.6716617345809937,"z":-0.08064506947994232,"w":0.7312980890274048},"size":0.762115478515625,"orthographic":true}