{"cameraMode":{"drawMode":0,"name":"Shaded","section":"Shading Mode"},"sceneLighting":false,"audioPlay":false,"sceneViewState":{"showFog":true,"showMaterialUpdate":false,"showSkybox":false,"showFlares":true,"showImageEffects":true,"showParticleSystems":true},"in2DMode":false,"pivot":{"x":-57.448150634765628,"y":6.915513515472412,"z":-50.53294372558594},"rotation":{"x":0.19826997816562653,"y":-0.762426495552063,"z":0.27399125695228579,"w":0.551695704460144},"size":9.180975914001465,"orthographic":false}