{"cameraMode":{"drawMode":0,"name":"Shaded","section":"Shading Mode"},"sceneLighting":false,"audioPlay":false,"sceneViewState":{"showFog":true,"showMaterialUpdate":false,"showSkybox":true,"showFlares":true,"showImageEffects":true,"showParticleSystems":true},"in2DMode":false,"pivot":{"x":0.0,"y":2.4468140602111818,"z":1.7200000286102296},"rotation":{"x":-0.23710820078849793,"y":0.11363641917705536,"z":-0.027689684182405473,"w":-0.964617133140564},"size":0.9974679946899414,"orthographic":false}