{"cameraMode":{"drawMode":0,"name":"Shaded","section":"Shading Mode"},"sceneLighting":false,"audioPlay":false,"sceneViewState":{"showFog":true,"showMaterialUpdate":false,"showSkybox":false,"showFlares":true,"showImageEffects":true,"showParticleSystems":true},"in2DMode":false,"pivot":{"x":0.39000004529953005,"y":0.0,"z":0.01131431758403778},"rotation":{"x":0.19826997816562653,"y":-0.762426495552063,"z":0.27399125695228579,"w":0.551695704460144},"size":5.724745750427246,"orthographic":false}