{"cameraMode":{"drawMode":0,"name":"Shaded","section":"Shading Mode"},"sceneLighting":false,"audioPlay":false,"sceneViewState":{"showFog":true,"showMaterialUpdate":false,"showSkybox":false,"showFlares":true,"showImageEffects":true,"showParticleSystems":true},"in2DMode":false,"pivot":{"x":0.11980056762695313,"y":0.0,"z":-0.01956939697265625},"rotation":{"x":-0.05708451569080353,"y":-0.8863184452056885,"z":0.11362450569868088,"w":-0.44533008337020876},"size":8.438719749450684,"orthographic":false}