{"cameraMode":{"drawMode":0,"name":"Shaded","section":"Shading Mode"},"sceneLighting":false,"audioPlay":false,"sceneViewState":{"showFog":true,"showMaterialUpdate":false,"showSkybox":false,"showFlares":true,"showImageEffects":true,"showParticleSystems":true},"in2DMode":false,"pivot":{"x":1.7881393432617188e-7,"y":0.5867933630943298,"z":-0.04200398921966553},"rotation":{"x":-0.0969654992222786,"y":0.8933738470077515,"z":-0.23287291824817658,"w":-0.3719162344932556},"size":0.7621155381202698,"orthographic":false}