{"cameraMode":{"drawMode":0,"name":"Shaded","section":"Shading Mode"},"sceneLighting":false,"audioPlay":false,"sceneViewState":{"showFog":true,"showMaterialUpdate":false,"showSkybox":false,"showFlares":true,"showImageEffects":true,"showParticleSystems":true},"in2DMode":false,"pivot":{"x":-21.886476516723634,"y":242.6698455810547,"z":396.2309875488281},"rotation":{"x":-0.11730323731899262,"y":-0.7776041030883789,"z":0.1523778736591339,"w":-0.5986649990081787},"size":1.755995273590088,"orthographic":false}