{"cameraMode":{"drawMode":0,"name":"Shaded","section":"Shading Mode"},"sceneLighting":false,"audioPlay":false,"sceneViewState":{"showFog":true,"showMaterialUpdate":false,"showSkybox":false,"showFlares":true,"showImageEffects":true,"showParticleSystems":true},"in2DMode":false,"pivot":{"x":-21.05855941772461,"y":244.4346923828125,"z":398.3318176269531},"rotation":{"x":-0.29796838760375979,"y":-0.16752682626247407,"z":0.05322568118572235,"w":-0.9382798671722412},"size":2.1732594966888429,"orthographic":false}