{"cameraMode":{"drawMode":0,"name":"Shaded","section":"Shading Mode"},"sceneLighting":true,"audioPlay":false,"sceneViewState":{"showFog":true,"showMaterialUpdate":false,"showSkybox":true,"showFlares":true,"showImageEffects":true,"showParticleSystems":true},"in2DMode":false,"pivot":{"x":-3.951185464859009,"y":-1.3015694618225098,"z":-9.401345252990723},"rotation":{"x":-0.22158202528953553,"y":0.11409595608711243,"z":-0.026099618524312974,"w":-0.9681274890899658},"size":5.642055034637451,"orthographic":false}