{"cameraMode":{"drawMode":0,"name":"Shaded","section":"Shading Mode"},"sceneLighting":false,"audioPlay":false,"sceneViewState":{"showFog":true,"showMaterialUpdate":false,"showSkybox":false,"showFlares":true,"showImageEffects":true,"showParticleSystems":true},"in2DMode":false,"pivot":{"x":-1.8999998569488526,"y":-2.290694236755371,"z":-0.37155914306640627},"rotation":{"x":0.22787979245185853,"y":-0.5399752259254456,"z":0.15465562045574189,"w":0.7953903079032898},"size":5.4099345207214359,"orthographic":false}