{"cameraMode":{"drawMode":0,"name":"Shaded","section":"Shading Mode"},"sceneLighting":false,"audioPlay":false,"sceneViewState":{"showFog":true,"showMaterialUpdate":false,"showSkybox":false,"showFlares":true,"showImageEffects":true,"showParticleSystems":true},"in2DMode":false,"pivot":{"x":2.9802322387695315e-8,"y":-5.960464477539063e-8,"z":0.0},"rotation":{"x":0.008026053197681904,"y":-0.99197918176651,"z":0.08982938528060913,"w":0.08862700313329697},"size":0.6062209010124207,"orthographic":false}