{"cameraMode":{"drawMode":0,"name":"Shaded","section":"Shading Mode"},"sceneLighting":false,"audioPlay":false,"sceneViewState":{"showFog":true,"showMaterialUpdate":false,"showSkybox":false,"showFlares":true,"showImageEffects":true,"showParticleSystems":true},"in2DMode":false,"pivot":{"x":0.0020020361989736559,"y":0.06804334372282028,"z":-0.0007741767913103104},"rotation":{"x":-0.15699706971645356,"y":0.7291156649589539,"z":-0.17849041521549226,"w":-0.6418418884277344},"size":1.5722544193267823,"orthographic":false}