{"cameraMode":{"drawMode":0,"name":"Shaded","section":"Shading Mode"},"sceneLighting":false,"audioPlay":false,"sceneViewState":{"showFog":true,"showMaterialUpdate":false,"showSkybox":false,"showFlares":true,"showImageEffects":true,"showParticleSystems":true},"in2DMode":false,"pivot":{"x":-0.044239580631256106,"y":0.12311168760061264,"z":-0.15117612481117249},"rotation":{"x":0.02337625063955784,"y":-0.9766635298728943,"z":0.1506042778491974,"w":0.15149985253810883},"size":0.18092742562294007,"orthographic":false}