{"cameraMode":{"drawMode":0,"name":"Shaded","section":"Shading Mode"},"sceneLighting":false,"audioPlay":false,"sceneViewState":{"showFog":true,"showMaterialUpdate":false,"showSkybox":false,"showFlares":true,"showImageEffects":true,"showParticleSystems":true},"in2DMode":false,"pivot":{"x":0.07666778564453125,"y":-0.004486560821533203,"z":-0.00714111328125},"rotation":{"x":0.14849495887756349,"y":-0.7822656035423279,"z":0.20391324162483216,"w":0.5696340799331665},"size":6.486856937408447,"orthographic":false}