{"cameraMode":{"drawMode":0,"name":"Shaded","section":"Shading Mode"},"sceneLighting":false,"audioPlay":false,"sceneViewState":{"showFog":true,"showMaterialUpdate":false,"showSkybox":false,"showFlares":true,"showImageEffects":true,"showParticleSystems":true},"in2DMode":false,"pivot":{"x":0.7844352722167969,"y":-0.3150242567062378,"z":-0.05987563729286194},"rotation":{"x":0.2533753514289856,"y":0.7239294648170471,"z":-0.3350521922111511,"w":0.5473238825798035},"size":0.7885531187057495,"orthographic":false}