{"cameraMode":{"drawMode":0,"name":"Shaded","section":"Shading Mode"},"sceneLighting":false,"audioPlay":false,"sceneViewState":{"showFog":true,"showMaterialUpdate":false,"showSkybox":false,"showFlares":true,"showImageEffects":true,"showParticleSystems":true},"in2DMode":false,"pivot":{"x":-117.06900024414063,"y":3.7889795303344728,"z":-38.42729568481445},"rotation":{"x":0.1243886947631836,"y":-0.8756157755851746,"z":0.3265864849090576,"w":0.33348214626312258},"size":9.389403343200684,"orthographic":false}