{"cameraMode":{"drawMode":0,"name":"Shaded","section":"Shading Mode"},"sceneLighting":false,"audioPlay":false,"sceneViewState":{"showFog":true,"showMaterialUpdate":false,"showSkybox":false,"showFlares":true,"showImageEffects":true,"showParticleSystems":true},"in2DMode":false,"pivot":{"x":-0.18577122688293458,"y":0.050197161734104159,"z":-2.5542519092559816},"rotation":{"x":0.0946887657046318,"y":-0.6338853240013123,"z":0.07868016511201859,"w":0.7638801336288452},"size":0.20917412638664246,"orthographic":false}