{"cameraMode":{"drawMode":0,"name":"Shaded","section":"Shading Mode"},"sceneLighting":true,"audioPlay":false,"sceneViewState":{"showFog":true,"showMaterialUpdate":false,"showSkybox":true,"showFlares":true,"showImageEffects":true,"showParticleSystems":true},"in2DMode":false,"pivot":{"x":-0.2655000686645508,"y":3.2450003623962404,"z":0.10500049591064453},"rotation":{"x":0.08961985260248184,"y":0.6119731664657593,"z":-0.07006198912858963,"w":0.7826822996139526},"size":3.3215644359588625,"orthographic":false}