{"cameraMode":{"drawMode":0,"name":"Shaded","section":"Shading Mode"},"sceneLighting":false,"audioPlay":false,"sceneViewState":{"showFog":true,"showMaterialUpdate":false,"showSkybox":false,"showFlares":true,"showImageEffects":true,"showParticleSystems":true},"in2DMode":false,"pivot":{"x":-22.738414764404298,"y":0.05784863233566284,"z":401.2768859863281},"rotation":{"x":0.19230279326438905,"y":-0.002361664082854986,"z":0.0004314050020184368,"w":0.9813742637634277},"size":1.0873414278030396,"orthographic":false}