{"cameraMode":{"drawMode":0,"name":"Shaded","section":"Shading Mode"},"sceneLighting":false,"audioPlay":false,"sceneViewState":{"showFog":true,"showMaterialUpdate":false,"showSkybox":false,"showFlares":true,"showImageEffects":true,"showParticleSystems":true},"in2DMode":false,"pivot":{"x":-29.77166748046875,"y":2.827815294265747,"z":-13.300000190734864},"rotation":{"x":0.1701299250125885,"y":0.6978462338447571,"z":-0.17628856003284455,"w":0.6731188297271729},"size":12.372122764587403,"orthographic":false}