{"cameraMode":{"drawMode":0,"name":"Shaded","section":"Shading Mode"},"sceneLighting":false,"audioPlay":false,"sceneViewState":{"showFog":true,"showMaterialUpdate":false,"showSkybox":false,"showFlares":true,"showImageEffects":true,"showParticleSystems":true},"in2DMode":false,"pivot":{"x":0.11980056762695313,"y":0.0,"z":-0.01956939697265625},"rotation":{"x":-0.15769515931606294,"y":-0.4226917624473572,"z":0.07496058940887451,"w":-0.8893216252326965},"size":8.438719749450684,"orthographic":false}