{"cameraMode":{"drawMode":0,"name":"Shaded","section":"Shading Mode"},"sceneLighting":false,"audioPlay":false,"sceneViewState":{"showFog":true,"showMaterialUpdate":false,"showSkybox":false,"showFlares":true,"showImageEffects":true,"showParticleSystems":true},"in2DMode":false,"pivot":{"x":-120.05772399902344,"y":2.505667209625244,"z":-85.64495849609375},"rotation":{"x":0.1701299250125885,"y":0.6978462338447571,"z":-0.17628856003284455,"w":0.6731188297271729},"size":6.068361282348633,"orthographic":false}