{"cameraMode":{"drawMode":0,"name":"Shaded","section":"Shading Mode"},"sceneLighting":false,"audioPlay":false,"sceneViewState":{"showFog":true,"showMaterialUpdate":false,"showSkybox":false,"showFlares":true,"showImageEffects":true,"showParticleSystems":true},"in2DMode":false,"pivot":{"x":-20.334125518798829,"y":3.989999771118164,"z":-62.12342071533203},"rotation":{"x":0.2533753514289856,"y":0.7239294648170471,"z":-0.3350521922111511,"w":0.5473238825798035},"size":13.912985801696778,"orthographic":false}