{"cameraMode":{"drawMode":0,"name":"Shaded","section":"Shading Mode"},"sceneLighting":true,"audioPlay":false,"sceneViewState":{"showFog":true,"showMaterialUpdate":false,"showSkybox":true,"showFlares":true,"showImageEffects":true,"showParticleSystems":true},"in2DMode":false,"pivot":{"x":1.7881393432617188e-7,"y":0.46679335832595827,"z":1.487995982170105},"rotation":{"x":0.24269439280033112,"y":-0.08081262558698654,"z":0.02024555206298828,"w":0.9665675759315491},"size":0.7621155381202698,"orthographic":false}