{"cameraMode":{"drawMode":0,"name":"Shaded","section":"Shading Mode"},"sceneLighting":false,"audioPlay":false,"sceneViewState":{"showFog":true,"showMaterialUpdate":false,"showSkybox":false,"showFlares":true,"showImageEffects":true,"showParticleSystems":true},"in2DMode":false,"pivot":{"x":-84.83566284179688,"y":3.487912654876709,"z":-62.672088623046878},"rotation":{"x":0.19826997816562653,"y":-0.762426495552063,"z":0.27399125695228579,"w":0.551695704460144},"size":12.549090385437012,"orthographic":false}